PK_Data;dt_abertura
2;
7835;04/12/1994
8103;07/01/1996
8172;06/06/2012
8162;05/12/2011
8092;04/03/1995
26279;04/05/1993
26;08/04/1982
8067;01/12/2012
8036;03/06/2006
7993;01/01/1982
8072;05/03/2011
8087;07/12/2012
8166;03/04/2008
45;12/10/1980
48;06/06/1980
8341;01/08/2010
8318;03/03/2010
8299;07/05/2011
8322;07/10/2003
63;06/07/1982
8347;08/10/1993
69;04/03/1989
72;07/04/1972
8333;11/04/2009
8296;10/03/2011
26724;01/09/1973
26742;02/05/1981
8183;03/12/2009
89;04/08/1987
92;06/12/1984
26751;08/03/2005
99;12/04/1967
103;07/03/2008
26913;01/08/1993
110;04/10/1989
8206;11/07/2003
115;09/06/1989
119;10/06/2004
8218;05/11/2010
8248;04/05/2010
127;01/10/1978
26767;06/04/1991
8224;06/07/2011
8227;01/06/2012
137;12/07/1982
140;10/12/1990
7946;03/01/1996
146;07/04/1974
149;10/12/1978
152;02/05/1980
7893;05/04/2012
7987;07/06/2011
7913;10/03/1997
7939;11/09/1988
163;03/09/1977
7936;06/03/1970
7879;09/10/2007
7865;10/01/2010
7856;01/09/2012
7844;09/03/2008
27391;08/09/2003
7943;10/05/2011
184;02/07/1977
7574;03/05/2012
7583;02/09/2010
7611;10/10/2012
7729;10/01/2012
26785;01/11/2000
7718;12/04/1992
7761;10/06/2008
7792;12/05/2000
7765;04/02/2003
7712;09/08/1993
7662;09/04/1985
7571;05/09/2007
7650;12/02/2002
27399;09/11/2000
220;01/08/1990
7675;08/04/2010
27433;04/09/2001
7705;09/05/1986
7776;02/08/2010
233;04/04/1994
7561;10/03/2012
239;01/10/1979
7818;12/02/1970
244;12/12/1988
7503;05/05/2010
7515;05/11/2012
7535;08/04/1998
7524;12/01/2010
256;10/10/1977
7484;04/02/2012
8353;02/11/2008
8357;09/08/2010
8401;10/07/2005
8406;04/04/1989
270;03/05/1980
8647;11/05/1993
8605;04/06/2004
8597;10/07/2009
8629;04/08/2003
8653;06/07/1990
27442;02/03/2012
8636;07/01/1992
8569;06/05/2012
8427;08/04/2004
295;11/03/1989
27588;09/11/2009
8500;06/04/2009
8431;08/09/2001
8539;05/10/2010
8545;10/08/2002
8555;02/10/2011
8396;02/11/2011
314;10/10/1980
8361;05/07/2012
8367;01/03/2011
321;01/08/1988
8392;12/08/2011
326;08/08/1985
8375;10/04/2011
332;08/06/1990
336;10/01/1978
9116;07/01/2002
341;08/05/1987
344;12/07/1988
9143;04/08/1998
349;12/08/1980
8775;09/04/1998
354;02/09/1982
8760;07/07/1994
27594;04/06/1992
27598;08/07/2009
8697;02/03/2009
8656;12/01/2009
27689;01/10/1994
8748;05/09/2008
379;08/03/1978
382;05/09/1995
8751;10/03/2007
8766;12/06/1991
8933;10/06/2003
8917;10/11/2000
27739;10/10/2003
8964;07/01/1983
9004;07/02/1981
22;02/04/1994
9016;01/11/2011
405;05/05/1977
9075;12/07/2004
9019;09/01/2005
8978;08/02/2006
8968;07/06/2012
8893;11/05/1991
418;12/06/1985
421;04/12/1989
425;05/09/1986
9085;04/07/2012
9094;04/11/2012
9105;05/01/1991
435;07/08/1986
9081;01/12/1994
440;04/09/1999
8785;05/08/2008
445;12/09/1993
8882;10/08/2008
8890;08/07/2008
8801;12/10/2008
8811;09/05/1969
456;03/03/1988
8848;10/07/2011
8795;07/09/1974
7008;08/03/2012
7016;09/01/1997
27789;01/04/1983
7129;10/07/1993
474;05/05/1987
7073;09/09/2009
7069;12/07/2011
482;10/01/1973
7039;09/05/2005
7080;03/08/2005
7076;02/10/1999
27851;03/09/2001
6899;06/01/2005
6903;12/10/2007
6929;03/07/2012
6953;07/11/1996
503;10/01/1985
506;07/04/2001
6806;03/10/2000
6821;05/08/2012
6860;03/07/2006
6999;09/12/2011
518;10/02/1990
7184;06/02/1989
7137;03/02/2007
27891;03/09/2007
9159;04/03/1997
7172;02/09/2006
7196;11/03/1997
7304;04/09/1979
7352;04/03/2001
7312;06/01/2012
543;10/04/1979
7293;09/06/2011
548;02/11/1993
7285;04/12/2011
7272;07/04/2011
7267;08/06/2009
558;03/07/1994
7289;07/03/1979
7320;10/11/2011
7410;11/01/2011
567;01/08/1979
7370;07/06/1990
7385;10/01/2007
7415;06/12/2007
7401;06/10/1999
27265;12/06/2007
7358;01/05/2012
7254;04/06/2010
586;08/02/1990
7212;04/05/2012
7241;04/09/2012
26439;02/01/1996
7226;07/02/2007
7209;07/03/1991
601;06/05/1986
7203;05/05/1999
7206;11/12/1998
7231;05/06/2010
6797;12/08/1987
7476;06/04/2002
27991;08/09/2007
12733;08/05/2009
12767;03/12/2012
622;08/01/2007
12870;09/05/2006
628;06/01/1988
28151;06/05/2006
28214;04/02/2008
12876;05/12/2006
12880;12/12/2002
28229;01/11/2007
12867;03/02/1988
12814;08/07/1984
28392;02/12/2008
12833;09/01/1993
655;03/01/1989
658;02/11/2005
12828;10/01/1992
663;10/06/1976
666;08/06/1986
28496;11/09/2006
672;12/01/1990
676;08/07/1991
679;02/08/1994
12843;10/09/2003
684;09/09/1983
12863;11/10/2004
12850;03/01/2012
28565;12/09/2006
28577;06/11/2001
697;05/06/1976
700;09/09/1986
12792;04/08/2011
12781;01/06/2009
374;10/07/1994
12126;04/07/1998
711;03/11/1983
12072;08/01/1993
11987;04/07/2011
12013;02/11/2009
720;02/07/1984
12065;12/01/1969
12046;03/10/1987
11978;05/04/2007
729;09/04/1981
732;03/08/1977
11950;03/08/1995
738;07/01/1988
28711;01/10/2007
12151;05/07/2002
26692;12/03/1979
12158;07/11/2001
751;09/06/1974
12143;01/03/2012
756;08/07/1990
28816;03/10/2008
763;03/12/2002
28939;10/06/2006
769;06/04/1975
772;09/03/1992
12316;10/07/2003
12419;10/02/1997
12396;12/05/2006
12424;02/05/2010
28979;03/07/2007
12386;03/09/2005
789;05/06/1986
12359;11/04/2010
794;09/04/1991
27419;12/12/1996
801;06/01/1978
12341;02/12/2009
12323;06/04/2008
808;09/03/1987
29020;07/03/2006
12379;08/05/2010
29026;07/01/2006
12382;05/08/2010
12440;08/12/2011
12495;03/02/1994
29031;11/06/2006
828;09/10/2001
26362;04/05/1989
12717;03/04/1991
12720;05/05/1988
29079;02/02/2001
12728;04/02/1993
843;06/09/1993
846;07/07/1966
12723;12/04/2008
12658;01/05/2011
12534;08/01/1992
12702;05/06/2002
29085;11/12/2008
860;09/08/1986
12553;03/09/1983
12545;07/09/2003
12465;05/05/2008
12453;04/02/1985
12636;06/08/2011
12673;01/10/2001
12644;01/06/2011
12609;01/12/2011
879;07/10/1996
29314;10/09/1991
12565;08/12/2010
12556;01/02/1991
12578;03/05/2004
891;05/11/1990
12597;09/01/1980
28501;06/11/2008
898;03/01/1998
901;02/04/1987
29340;09/11/1989
12301;10/07/1992
12169;11/10/2005
912;06/05/2009
12245;09/10/2010
26679;04/07/2000
12221;10/03/2005
922;02/06/1990
12249;03/05/2010
12281;12/04/2009
12274;03/09/1999
29391;03/10/2003
29443;11/05/2007
29446;06/07/1995
12194;12/05/2011
12185;11/06/1996
12176;01/05/2005
13126;10/07/1998
13086;10/02/2001
13033;03/08/1976
13030;07/05/2001
13040;02/04/1991
960;11/11/1987
13002;03/08/1999
13207;03/04/2010
12884;06/05/1996
12925;02/05/2002
12900;10/04/2004
12895;04/06/1994
12932;10/03/2003
12984;03/01/2010
981;03/09/2004
29513;07/12/2006
988;07/08/1994
12980;02/06/2006
993;07/08/1988
12997;05/09/2012
12991;12/03/2010
1001;05/07/1987
9208;09/06/1985
1006;07/12/2000
1009;06/10/1988
9199;06/08/2012
9168;11/05/2010
10785;03/04/1996
1019;12/05/1991
10814;06/11/2010
29524;02/10/1998
1027;12/11/1979
1030;10/11/1982
10820;04/12/2007
28603;03/09/2011
10797;09/10/2012
857;08/01/1979
1041;08/02/1988
10873;04/09/2010
10856;03/08/2010
10847;11/07/1967
10850;04/02/1998
10887;03/12/2008
1054;09/11/1996
29537;10/03/1995
10665;07/08/2009
1062;05/09/1989
1065;07/08/1998
10653;02/08/1995
1070;03/11/1993
28174;12/12/2008
1075;08/06/2008
1078;11/10/2000
29576;12/08/1998
1084;04/04/2008
1087;04/03/1996
10607;11/08/2007
10629;07/07/2011
29639;06/01/1992
1098;07/01/1982
10632;08/02/1995
10649;07/02/2010
1105;04/04/1972
10640;06/08/2009
1110;08/11/2004
10635;03/04/2011
1115;08/03/1983
29660;03/05/1998
10781;08/11/2011
10775;05/11/1994
10731;04/01/1994
10688;11/05/1998
10707;07/11/2002
10722;04/05/1983
10761;08/03/1995
10890;06/10/2009
11010;03/11/1997
1140;02/09/1995
29723;08/04/1992
10997;02/07/2006
30063;03/06/1995
1152;05/10/2002
11017;04/01/1998
11040;12/01/2008
11075;05/02/1997
11082;04/01/1980
30093;06/08/2005
11169;02/03/1977
11165;01/06/1988
11183;04/08/1996
30359;02/02/1994
1177;12/04/1978
11245;10/07/2010
1182;04/09/1984
11229;07/08/2004
1187;04/07/1978
11138;09/09/2010
11112;08/02/2000
10994;12/09/1997
30373;02/08/2002
1199;03/01/2005
11087;11/06/2009
11125;10/05/2012
11130;10/11/2012
11232;06/09/1999
1210;05/02/2000
30513;04/01/2008
1216;02/01/1979
30519;01/05/1979
10983;03/04/2012
1224;08/04/1981
10899;06/07/1996
10893;02/04/1999
1231;03/07/1977
1234;12/06/1990
1237;03/11/1980
30603;03/06/2008
10990;07/01/2011
30614;01/06/2000
1248;10/08/1986
30833;06/01/1998
10926;01/07/1974
10919;06/04/2003
1258;09/05/1990
10912;02/02/2005
30916;12/01/2000
10963;02/03/2011
10975;07/04/1997
1271;08/05/2005
631;08/08/1984
11095;03/03/2011
11450;06/06/2000
11729;08/07/1997
11724;06/01/2010
11740;05/06/2011
11760;07/02/1997
11754;02/06/1979
11690;08/09/2000
1294;08/05/2004
11619;08/11/2006
11608;10/09/1985
11598;12/08/2003
1305;02/05/1991
30934;10/06/2009
27209;10/08/1992
11649;07/08/2011
1315;11/11/1985
1318;12/01/1993
11664;06/05/2007
11757;11/03/2004
11931;01/05/1972
1327;10/08/1975
11892;01/10/1990
1332;11/03/1992
11901;09/11/2006
29516;04/02/2002
11938;06/06/1989
1341;10/05/1983
11910;07/04/2007
11882;03/06/2012
1348;05/12/1983
11781;10/09/2000
11807;04/12/2010
1355;04/12/1979
30481;02/05/2001
11785;06/01/2007
1363;03/11/1988
11817;02/07/2012
11864;08/10/1982
11829;03/01/2004
11836;04/07/1989
1374;01/05/1988
11574;11/11/2009
29510;01/09/1990
11467;11/10/2003
1383;06/06/1983
11594;08/11/2010
11479;01/12/2001
11558;07/02/1992
11510;08/02/2010
11435;07/05/2004
11372;01/05/2009
11369;06/02/2011
11336;10/06/2011
30979;12/01/2003
11401;10/08/1985
1409;07/04/2000
11412;05/08/1996
1414;05/07/1996
11531;11/10/2008
11563;09/12/2012
1421;02/01/1990
28422;11/08/2006
10310;07/03/1992
9549;08/09/2011
9554;02/08/1991
9566;11/12/2010
9592;10/11/2007
9601;03/10/2010
9522;05/02/2012
9604;07/12/2010
9345;05/12/2004
9349;12/07/2006
9383;07/05/2012
694;03/05/1987
1451;10/08/1987
9357;11/07/2001
9337;09/12/2008
1458;03/07/1997
9262;11/09/1998
9254;08/03/2010
9232;04/10/2012
9277;05/05/2011
1469;08/03/1979
9291;05/03/2005
31008;06/02/2003
9374;05/04/2005
31015;02/02/2012
1482;05/07/2001
9436;08/06/1981
9496;11/11/1998
9491;05/08/1995
1491;11/01/1973
9514;02/02/2011
1496;08/06/1991
1499;06/05/1991
1502;09/01/1987
1505;10/09/1980
10285;12/10/1996
9518;12/11/2002
9485;09/04/1995
1514;08/06/1997
1517;07/08/1977
1520;08/12/1980
1523;02/04/1986
1526;11/12/1987
9447;02/04/2011
31062;12/10/2009
9443;06/05/1990
1536;01/09/1976
1539;10/11/1994
9439;06/03/2002
1544;06/11/1980
31111;03/11/1986
9452;07/09/2012
9482;11/01/1995
9562;04/06/2001
10095;02/02/2009
10049;07/06/2010
10046;05/07/2010
10061;11/09/2011
10080;06/12/2012
10066;06/07/1991
10042;11/11/2005
9995;07/06/1983
9991;05/12/2003
9977;05/07/2009
31150;12/02/1985
10020;05/06/2005
1581;04/03/1975
10035;09/11/2007
1586;08/01/1978
1589;12/09/1980
10073;07/03/2009
1594;11/02/1988
10085;08/06/1998
10250;12/07/1999
10217;01/04/1993
1603;02/04/1992
10256;10/01/2011
10282;08/08/1997
10265;03/10/1980
10197;11/03/2010
10167;07/07/2003
9967;04/06/2011
31155;08/07/2002
1621;11/11/1976
31170;11/11/1990
10092;09/03/2004
10182;02/12/2010
10188;10/01/2001
10274;12/09/2004
9938;06/02/1999
1637;06/02/1992
9692;07/11/1995
9679;03/12/1999
1644;01/07/1977
9713;07/12/2005
9732;03/10/1992
9722;09/01/2012
9676;12/11/2009
9632;09/09/2011
9618;02/10/1982
9611;06/07/2001
31173;08/05/1993
9637;05/07/1993
9647;06/01/1999
9728;05/04/2006
1670;02/09/1988
9758;12/01/2011
31193;01/07/2010
1678;02/12/1990
9865;04/12/2012
9842;07/02/2011
1685;04/10/1995
1688;12/03/1981
27241;11/12/1990
9883;01/07/2011
9946;08/03/2001
9911;03/08/2012
1702;12/03/1992
9832;09/06/1995
9819;11/10/2010
1709;02/09/1998
9799;12/12/2000
9775;02/01/2011
1716;10/12/1977
1719;01/04/1994
9826;07/04/1995
28223;01/05/2007
1727;05/06/1988
9829;06/06/2006
31625;03/07/2001
31647;04/08/1983
1738;12/10/1991
1741;11/10/1966
9546;11/11/1986
10316;03/12/2004
10410;08/05/1994
10400;06/11/2012
31685;08/03/2004
31820;02/08/2012
10438;02/06/2007
1761;05/04/1983
10522;10/09/1998
10495;11/06/1998
10393;07/04/2006
10378;08/03/2007
1774;07/04/2003
1777;09/02/1986
10367;01/10/2011
31895;01/08/2009
27204;04/10/1991
1788;12/09/1992
10362;08/12/2003
10385;12/11/2006
1795;12/12/1984
10541;07/12/1979
1800;08/01/1991
31949;05/09/1996
10551;06/10/2010
10530;06/11/2003
10526;01/06/1975
1812;07/08/1991
32041;09/03/1999
1818;12/11/1972
10334;04/12/2002
1823;07/04/1986
1826;10/04/1988
10562;09/06/2010
10604;08/06/2010
10597;10/09/2012
10588;04/05/1974
1837;05/04/1982
10554;08/05/2011
1842;09/06/1979
1845;05/04/1981
10557;03/12/1997
1850;01/12/1987
10322;03/05/2001
10319;06/09/2003
10330;09/09/2004
1859;07/02/1976
1479;09/03/2002
3188;11/07/1990
3156;11/03/2008
28263;03/03/2008
3095;05/08/2006
32205;02/05/2007
32277;12/07/2001
2934;12/05/2002
2950;08/06/2002
2968;11/08/1993
3000;12/12/2007
2884;11/09/1989
2909;03/02/1999
3204;04/05/1990
32384;10/05/2007
3580;05/08/2000
3292;08/12/2004
3411;06/10/1998
904;11/10/1992
3558;07/11/1989
3459;08/01/2008
3414;05/09/1972
3431;08/05/1966
1915;02/06/1973
3365;02/05/1996
3334;07/01/2008
3350;05/06/1982
3308;11/07/2007
29898;04/06/2009
3359;06/11/2002
32393;04/11/2006
2609;01/08/1999
1935;08/07/2001
32400;05/09/2001
1941;04/04/2005
1944;02/04/1972
2543;07/02/2008
2518;08/08/2006
2291;08/12/1981
2689;09/10/1987
1955;07/07/1995
1958;01/09/2001
1961;08/03/2000
2686;02/10/1988
32508;04/05/1997
2728;01/10/1984
32511;10/04/2007
2806;09/12/2005
2660;01/08/2007
2629;03/07/1996
2811;11/03/2003
2275;03/06/1991
1983;07/05/1984
1986;06/05/1989
3795;08/03/1987
3768;06/01/1990
3690;03/02/1989
3753;09/01/2004
1997;03/12/1991
32518;11/11/1983
3996;02/12/1999
3987;06/03/2005
2008;07/08/1997
3999;12/02/1997
4011;10/09/2007
27320;01/10/1997
4016;01/04/1990
32556;02/03/1986
4525;01/03/1994
27249;08/03/1982
4304;01/04/1991
4329;06/01/1995
4358;11/03/2006
4167;06/03/1998
4293;12/04/1989
4281;08/03/1993
32169;08/10/2007
3972;09/06/2007
3956;12/01/2006
1938;02/06/1987
32599;09/02/1998
3945;12/05/1994
3963;07/05/2010
32604;11/03/1981
4554;12/04/2007
4685;07/09/1985
4624;10/04/2010
4600;11/03/1993
4576;12/03/1993
2067;02/03/1992
4711;03/09/2006
32610;11/08/2001
4775;03/07/2003
32652;02/05/1986
4818;11/04/1994
32662;02/01/2005
5010;12/07/1984
4942;02/04/1997
4896;04/10/1990
4859;09/08/1995
2093;11/12/1986
31027;02/06/2012
2099;03/09/1993
4767;02/03/1999
3636;08/10/1998
3588;12/01/1992
3628;08/12/1999
2112;01/07/1975
27212;09/08/2003
2118;08/01/1986
3655;04/09/2003
1245;07/07/1989
1308;02/07/1994
1264;04/01/1997
2129;09/09/1988
1251;06/12/1992
32665;09/12/1994
1404;07/02/1990
783;07/10/1997
766;10/07/1986
2143;12/06/1988
32689;02/12/2001
634;07/07/2010
642;05/11/1993
691;05/10/1991
759;11/07/1984
811;07/06/1992
615;12/04/1987
526;03/05/1990
32748;11/12/2001
394;04/06/1988
2169;04/05/1995
361;08/05/1999
364;02/02/1990
838;08/04/2003
816;12/06/1984
32755;09/12/2002
2184;07/09/1984
932;04/09/2007
95;07/09/2008
84;09/01/2010
178;03/02/2009
285;04/09/1992
2197;09/08/1980
226;02/04/2005
80;07/10/2008
298;04/03/1990
2206;06/02/1981
1095;09/06/2005
1024;11/04/1996
1081;12/07/2000
1118;11/05/1999
1213;01/11/1983
32785;12/05/2003
2222;11/10/1977
1149;02/03/1995
1196;07/09/2002
28478;06/08/2007
2231;05/11/2000
1219;05/05/2006
1240;10/09/1990
935;07/07/2006
938;07/11/2006
984;01/03/1980
27126;12/06/2010
2146;09/02/1997
2082;07/04/1991
2264;11/04/1993
2164;06/02/2005
2267;03/11/2008
1624;08/05/1991
1732;06/05/2000
1661;07/11/1978
1756;12/03/1985
32864;02/05/2003
32891;02/05/1988
1753;11/04/2002
32895;09/12/1990
32910;11/09/2004
27913;01/03/2007
1547;07/05/1999
1618;05/04/1993
1531;02/01/1995
2286;04/09/1969
1174;04/08/1986
32957;10/07/1999
2047;04/11/1990
1876;03/03/2009
1930;06/04/1981
33011;02/08/2001
2303;01/09/1991
2054;03/06/1987
1782;07/04/1988
2310;12/02/1988
1803;11/01/2005
2315;03/02/1995
2318;06/06/1994
1815;12/02/2009
2323;02/04/2003
6505;02/01/2008
6461;05/03/2007
2330;11/08/2002
6493;03/08/2011
6486;01/08/1996
6498;04/03/2006
6581;04/07/2009
6539;08/01/2011
29038;04/06/2006
6543;03/04/2005
6528;10/04/2012
6517;04/04/2006
27108;11/07/2002
6437;11/04/2011
6441;03/02/2010
2357;09/10/1993
2360;05/06/2003
6678;12/07/2009
6685;07/04/2012
6673;11/09/2005
6668;08/02/2011
6596;05/12/2010
6310;12/08/2004
6332;10/08/2007
28676;10/05/2006
6351;07/05/1993
6342;02/02/2010
6399;09/05/2011
2385;12/03/1975
6290;08/02/2012
2390;08/02/1991
2393;09/11/1998
6739;04/05/2011
6699;10/02/1995
6694;04/05/1994
6779;04/09/2008
5439;07/06/2007
5154;07/09/2004
2408;10/11/2002
2411;03/03/1993
27058;06/11/1991
2416;12/08/1995
5126;05/09/2005
5131;08/10/2004
5164;07/12/1982
5230;12/07/1989
5242;05/11/2005
5239;12/12/1983
5227;07/04/1990
5222;10/09/1992
2435;11/05/1992
2438;10/10/2002
2441;10/04/2001
2444;11/12/1981
5157;04/07/2003
5179;02/07/1990
5216;06/01/1987
2454;08/05/1981
5213;10/04/1982
5219;03/02/1993
5195;04/04/1996
5182;01/11/2008
2465;09/01/1989
5202;05/06/1997
2471;02/03/1976
5123;12/12/2003
5063;03/05/1996
5079;02/03/1983
5120;03/08/1990
2482;10/07/2002
5111;03/01/1990
5056;11/09/1999
2489;04/08/1968
5090;12/08/1994
2494;05/09/1977
5106;07/07/1975
2499;06/06/1979
2502;05/03/1999
33056;10/09/2001
2508;08/01/1990
5039;03/04/1994
2513;06/11/1990
5028;11/08/1983
33083;05/07/2011
2521;06/04/1987
5031;06/03/1991
5034;05/05/1971
2528;01/05/1978
5015;10/11/1976
5432;06/02/1998
2535;02/08/1979
5294;02/07/2007
33101;03/10/1997
33163;06/09/1989
5286;02/03/1997
5260;09/05/2001
5249;01/05/2001
5291;11/06/2007
2555;06/02/1988
5299;01/04/1999
5400;11/12/1993
2563;11/05/1966
2566;11/09/1983
2569;12/05/1989
5373;08/09/1993
5364;06/01/1989
2577;02/09/1980
5376;02/08/1993
5383;01/07/1994
2585;02/09/1979
5326;09/09/1966
2590;02/11/1981
2593;06/02/1969
5321;09/04/1975
2599;04/03/1992
5341;11/07/1986
2604;08/11/2003
5346;02/02/1996
33308;12/03/1997
5388;03/09/1994
5397;05/06/1992
26868;02/12/2007
2618;04/11/2007
5405;07/02/1991
2623;03/10/1989
2626;06/03/1986
33337;09/09/1975
5420;05/04/1976
5427;10/12/1988
6273;02/09/2011
6269;06/01/1996
2640;03/12/1986
6168;06/04/2012
6161;08/11/1994
6133;05/09/1991
2649;12/07/1994
6120;02/10/2010
6283;02/11/2010
5656;09/01/2009
5660;01/10/2012
33341;03/05/2003
5651;06/09/2005
33384;12/11/1998
5694;08/03/2011
2671;09/10/1986
33452;08/03/1981
2677;08/05/1977
5513;06/05/1985
5535;12/10/2011
5572;05/10/2011
33455;05/08/2009
33487;09/04/2007
5558;08/04/1989
26667;03/08/2001
5501;06/03/1996
5479;04/04/1979
5471;01/01/1976
26883;02/06/1998
2704;08/02/2004
5508;08/07/1980
30298;07/10/2007
5565;05/11/2011
5609;08/04/2011
2716;02/09/1978
5628;09/03/1997
2721;06/08/1981
5873;09/03/2001
5855;03/02/2012
33525;03/07/1991
5886;12/03/2008
5949;08/10/2010
27907;08/08/2005
2737;08/11/1977
5894;02/04/1974
5796;03/09/2010
5784;11/02/2011
5779;04/04/2012
5805;11/10/2011
5840;11/07/2011
2752;03/01/1978
5944;11/11/2011
2757;11/05/1986
2760;11/03/1987
2763;03/08/1984
2766;02/07/2001
5957;08/12/1997
6052;05/10/2012
2774;12/08/2005
6027;03/02/2005
6055;04/11/2011
6112;11/03/2011
6076;04/03/2012
6023;07/12/2011
5966;07/02/2012
1735;09/01/1998
5772;07/03/2012
5962;09/05/1997
2796;08/08/1986
6016;02/06/2009
6020;07/11/2011
5726;07/07/2008
33552;10/05/1999
5720;08/10/2009
33700;09/09/1980
2814;03/02/2001
5713;12/02/2011
5446;10/02/1986
2821;03/06/1979
21927;06/05/1974
21563;01/07/2009
2828;05/07/1992
21577;06/12/2002
21664;06/04/1998
21595;03/09/2000
21831;03/05/2009
21724;08/04/2005
21733;07/06/2005
21884;06/01/1971
33824;11/09/2009
2848;08/01/1980
21863;04/05/2006
21902;09/04/1987
22746;09/02/1981
22615;09/06/1966
22584;08/10/2000
2861;10/07/1983
22363;02/01/2000
22789;04/01/1977
22758;10/05/1988
22782;01/09/2000
2872;12/07/1995
22785;10/03/2008
21930;03/03/2006
2879;10/04/1978
21940;07/09/2007
33872;11/08/2008
2887;04/04/1986
25049;12/04/1998
24366;12/06/2001
24159;11/01/2006
2674;12/02/1986
2898;08/01/1984
24205;10/01/1993
26059;03/09/2012
25988;04/06/2005
25961;10/01/1990
33891;03/10/1998
26066;05/06/2008
25682;11/01/2010
2916;03/12/1984
25714;04/11/2008
25609;06/07/1988
26182;12/11/1991
2925;04/10/1985
2928;04/03/1974
2931;08/03/1972
34021;04/04/2000
23993;07/09/1997
2939;10/10/1985
1970;10/03/1989
26501;07/11/2005
23999;05/04/1971
24020;05/06/2009
34031;10/01/1996
23985;07/03/1996
2955;07/11/1990
2958;11/09/1993
23953;03/08/2004
2963;03/11/2004
23950;06/10/2003
34083;09/12/1996
34158;02/03/2003
2974;07/02/1987
23857;11/09/2001
23860;10/04/1995
2981;12/02/1993
23802;10/08/2004
2986;12/01/1986
23934;05/11/2004
19119;11/12/2003
19355;09/04/2012
18364;02/04/2010
34161;06/09/2010
34166;10/06/2000
21462;10/03/2002
3006;05/03/1983
21470;05/10/2005
19480;10/02/2012
3013;03/07/2008
19892;05/02/1995
3018;05/02/1988
19470;03/12/2003
19409;11/06/2003
19622;09/09/2008
19583;08/12/1992
3029;10/02/1981
21307;03/03/1994
3034;01/05/2004
28399;01/07/2008
21382;08/12/2008
21391;09/12/2007
3043;04/06/1984
21340;06/03/2003
21311;06/11/1968
21447;12/04/2002
3052;01/02/2002
31509;01/06/2010
21289;07/05/1990
20194;02/09/1999
20672;03/11/1999
20451;04/08/1997
20530;04/10/2000
3067;10/06/1993
20536;08/01/2001
3072;12/11/1990
20614;11/07/1985
20655;05/02/2001
20708;01/08/1982
3081;10/10/1989
20661;06/08/2001
3086;01/12/1973
20658;03/08/1983
20718;07/05/1991
20406;04/05/2000
34232;05/10/1996
2181;03/11/1991
3100;09/02/1985
20184;07/01/2010
3106;10/01/1991
1873;11/05/1982
20094;02/01/1994
3113;09/06/1990
20414;09/08/2011
20397;05/04/1998
3120;01/01/1979
20301;12/01/1983
20313;08/11/2005
27093;01/05/2010
21142;02/03/2004
3131;03/01/1977
3134;05/02/1992
3137;06/04/1992
21139;01/10/2002
21126;05/04/2000
3144;04/06/1983
21059;08/01/1988
3149;10/09/1974
20823;05/07/2003
21114;02/08/2007
34237;12/02/1977
21120;02/02/2000
21010;11/07/2005
3163;04/04/1990
21199;05/08/1991
21194;06/08/2004
3170;07/10/1989
3173;05/08/1979
3176;05/10/1993
3179;12/04/1986
21245;11/07/1995
21256;02/06/2008
21165;10/08/1980
34314;05/01/2011
3191;12/07/1992
21162;06/10/1992
3196;04/10/1974
3199;09/02/1987
2072;06/05/1992
34537;03/11/2012
20970;05/02/2002
20980;06/01/1970
20888;10/05/2001
3213;10/01/1979
21003;09/06/2000
21304;04/03/2002
19657;05/02/2007
20018;04/09/1980
2219;12/04/1991
20026;09/11/1992
20036;12/04/1996
20043;10/08/2003
34564;11/07/1991
34573;05/02/1989
3238;09/05/1989
3241;11/12/1976
3244;07/11/1983
19705;11/05/2008
19863;12/05/1973
19866;01/03/1995
19858;06/09/1983
2272;10/08/1991
19815;01/05/1966
19781;06/11/2007
3261;05/10/1994
19823;11/05/2009
3266;11/01/1990
19842;08/11/1983
3271;12/12/1978
19869;06/05/2002
3276;11/10/1982
2997;01/06/1986
3281;03/09/1995
19732;01/07/2002
21545;11/04/2003
18855;12/05/2007
825;07/01/1991
34760;06/06/1984
18531;12/07/1998
18349;01/11/2012
3299;10/05/1979
18547;07/09/1993
18565;08/02/2005
650;07/12/2008
34763;07/03/1995
1474;07/03/1987
18691;03/11/1996
3315;03/11/1982
18716;10/02/2006
3320;12/07/1990
18830;12/08/2010
18861;09/04/2001
18641;11/06/2008
18592;05/05/2003
28256;03/01/2002
30254;12/10/1987
34858;06/12/1996
18661;07/08/1993
18721;01/04/1996
3341;08/09/1985
3344;05/07/1975
3347;11/12/1980
35153;03/03/1971
3353;12/09/1991
669;05/08/1992
35213;06/06/2005
3362;08/09/1972
35263;08/04/2008
741;06/03/1987
19352;08/11/2008
19311;04/11/1986
19318;08/06/1999
19332;10/04/2005
19298;01/03/2002
19282;07/09/1992
882;09/05/1978
19159;07/02/1998
3387;05/08/1978
19175;06/04/1996
32781;04/01/1987
19235;08/12/2009
19246;06/03/1988
19194;06/06/1991
19228;05/10/2001
19275;03/08/2006
18954;07/10/2011
3406;08/05/1988
18950;07/10/2012
35269;04/12/1977
35390;11/11/1999
18991;05/12/1975
18898;08/02/2002
3421;02/08/1968
18891;12/09/1999
3426;02/02/1983
18876;01/05/1993
35564;11/02/2010
19113;03/01/1999
3436;12/02/1976
19061;11/05/2003
3441;08/10/1992
3444;10/11/1988
19053;09/02/2004
19004;05/09/2003
19082;12/10/1999
24028;12/04/2006
30975;06/05/1995
23845;05/07/1998
35704;06/04/1974
23886;11/03/1986
24336;09/02/1999
24249;11/09/2000
3468;11/01/1996
24324;12/12/1979
3473;03/03/2005
24166;04/04/2011
24140;07/10/1986
27189;08/08/2000
26587;12/08/2006
24146;08/08/1983
24076;04/01/2003
1143;07/06/2008
3490;03/01/1997
24169;02/04/2004
3495;06/12/1971
3498;11/05/1987
3501;02/09/1989
24172;04/01/1996
24403;02/06/1986
24372;09/08/2009
3511;04/04/1977
31518;08/08/2002
24064;06/02/1997
24463;08/01/1995
25446;06/11/1999
3522;12/08/1982
24471;02/05/1999
24970;08/03/1998
27356;07/02/2004
3531;02/01/1992
24910;11/11/1977
3536;04/08/2004
25206;11/06/1987
3541;07/01/1998
25255;12/10/2001
217;03/01/1994
3548;08/07/1989
25059;12/10/2010
468;11/08/1979
29768;09/02/2008
35784;11/11/2008
3561;12/07/1987
3564;02/01/1989
3567;06/12/1987
3570;07/01/1993
24659;12/03/1998
24674;04/02/1986
3577;07/06/1989
35998;01/05/1982
36067;11/07/2000
24599;12/11/1995
36076;12/03/2001
24535;12/04/2000
24520;01/06/2006
3595;04/10/1997
24559;04/06/1993
24642;07/05/2005
24682;07/10/2006
24815;11/08/2004
24753;02/07/2000
3609;04/06/1990
3612;03/09/1981
24760;03/03/2004
24045;08/03/1988
3619;04/01/2005
23720;04/08/1999
22195;06/04/2010
22227;07/01/1997
36249;12/11/1996
22240;04/08/2009
3633;03/06/1974
36298;02/12/1993
22166;06/08/2000
26830;03/09/2009
30186;05/10/2004
22116;03/03/1998
2845;09/03/1986
3650;07/05/2000
22075;08/12/2005
36343;12/11/1986
22070;01/02/2003
22156;01/04/2001
21974;02/07/1996
21987;03/12/2001
36352;04/04/1974
22035;10/11/2006
22018;07/05/2006
22435;10/06/2012
3675;05/05/1983
3678;01/07/1993
22438;12/05/1997
36377;07/07/2012
22543;10/06/1997
22579;02/03/1971
36412;10/08/2011
3693;09/02/1983
3696;03/08/1989
3699;01/11/1979
22525;11/10/1998
22449;07/10/1995
3706;10/07/1977
22567;01/10/2008
1163;07/04/2008
3713;09/06/2006
22398;12/11/2010
3718;03/01/1992
1895;05/05/2004
22291;07/07/1986
22328;03/10/1978
22366;10/11/1999
22644;06/03/2004
22659;09/03/1991
30154;10/01/2003
33234;04/05/1991
3737;02/10/2000
3740;09/03/1968
22606;12/11/2007
22652;07/06/2006
22709;05/12/2008
22754;05/09/2002
23725;04/09/1970
36439;04/07/2004
23757;07/10/2000
3758;08/08/1978
3761;09/06/2004
491;10/07/1980
23791;04/08/1992
36593;11/06/2001
23136;08/08/2012
23027;07/03/1997
3775;03/05/1992
23129;08/07/2007
3780;08/08/1987
23132;07/12/2007
3785;09/01/1994
3788;12/08/1989
23098;01/11/1990
22931;07/06/2000
36633;10/05/1992
3798;01/01/1991
3801;07/07/1992
3804;11/12/1992
32166;10/05/2004
3809;09/05/2002
22963;05/07/1999
32636;11/01/2004
22871;09/06/1996
22881;12/02/1987
22921;02/06/1969
3822;11/08/1991
3825;08/03/1989
23012;11/07/1996
3830;04/05/2007
22998;08/10/2001
23199;07/08/1980
23478;02/09/1981
23465;05/12/1999
3842;07/06/1987
23676;10/04/1984
23700;08/10/1999
3849;07/11/1969
23672;09/02/2005
3854;06/02/2004
3858;04/11/1988
23533;09/03/1996
3863;10/09/2006
23523;05/08/2007
23584;06/09/2011
3870;11/10/1970
30595;04/07/1993
23481;11/04/2008
23603;08/09/2006
23536;10/09/2009
3881;05/07/1979
23598;09/11/1987
23173;02/12/1996
3889;05/12/1982
23268;07/07/1983
23280;06/09/1982
23219;03/01/2008
23285;08/04/1995
33026;11/10/1983
23452;06/05/2008
23203;02/01/2007
3906;12/06/1982
23139;09/05/1995
23444;03/04/1997
23427;10/11/1985
23294;08/03/2009
23299;03/01/2006
23425;01/11/2010
23377;01/09/2007
23328;05/08/2004
3925;12/10/1992
16666;01/12/2010
28933;05/06/2006
3232;11/10/1987
16621;06/07/1999
3936;01/11/1988
16637;09/02/2009
16670;06/07/1994
16741;03/04/2002
36722;01/03/2008
3948;08/10/1994
3951;09/12/1988
16859;12/01/1998
36824;12/03/2004
16841;08/02/1996
16894;08/10/2006
36864;01/12/2006
16834;10/10/2006
16804;10/05/2010
16545;03/11/2010
37055;12/06/1999
16555;10/06/1989
16590;05/05/2005
16537;02/07/2011
16511;11/01/2007
16610;09/03/2003
16795;03/10/2011
37059;12/12/1994
3990;12/10/1974
3993;12/03/2002
37076;05/12/1998
37097;09/02/1996
4002;09/11/2002
16918;05/11/2009
16999;04/06/1987
17037;06/10/1994
37115;02/05/1976
16427;05/04/2009
37203;07/04/2002
16190;11/08/2011
16238;04/11/2000
16301;09/02/2011
16313;01/03/2005
4028;11/04/1992
16153;10/04/2006
2971;05/08/1985
16180;06/12/1995
33243;05/06/1996
16330;06/07/2010
16409;07/12/1993
4043;09/01/1977
16390;10/06/2010
16360;06/11/1996
16398;05/10/2007
17308;06/03/2011
17303;10/09/1996
17320;09/08/2006
17161;01/12/1981
4060;07/09/1969
17244;06/02/2006
17089;07/12/1990
2666;04/01/1993
17113;11/07/2008
4071;08/07/2000
4074;04/12/1978
17118;03/03/1997
17043;06/07/2000
17123;02/04/2000
27280;07/10/2004
4085;09/10/1980
4088;07/07/1987
14068;05/04/2011
14086;05/02/2011
33254;04/08/2002
14079;01/02/2011
14098;04/06/1995
4101;11/11/1994
4104;05/05/1997
14120;09/02/1991
29417;06/03/1994
14093;12/10/2002
13987;11/09/2010
4115;06/08/1998
4118;06/02/1976
14008;11/05/2001
14024;12/03/2007
31815;06/12/2009
13965;08/11/2009
4129;07/10/1991
13960;06/06/1988
13945;07/08/2010
13974;06/03/2009
14137;11/11/1974
14147;06/09/2009
14144;06/08/2010
14155;08/02/1994
14170;08/04/1997
14194;06/05/2001
14220;02/03/2005
14235;07/07/2009
14252;09/10/2008
1057;04/07/1997
14260;12/11/2011
4162;05/07/1982
14266;11/10/1993
37234;06/09/1994
37385;02/11/1998
4173;02/09/2000
4176;01/05/1999
4179;06/07/2004
14256;12/05/1996
26957;05/10/1989
4186;05/06/1980
4189;05/09/1997
13282;03/05/2007
4194;05/12/1987
4197;11/07/1989
13287;10/11/1995
13255;09/04/2006
13263;12/11/1992
34217;07/11/1994
13353;06/01/2000
4210;03/05/1991
13315;11/10/2006
4215;12/12/1973
13294;12/09/2010
37419;07/08/1987
13305;10/09/2008
13222;03/07/1990
13687;09/08/1988
26714;03/09/1976
13681;09/01/1995
13654;09/12/2010
2020;08/01/1989
13673;08/07/1978
4238;11/06/1980
4241;09/05/1984
4170;07/08/2008
13690;12/11/1997
4247;03/07/1980
13708;09/01/2008
4252;07/10/1980
13649;02/08/2011
13693;10/07/1988
13702;04/01/1995
13940;06/04/2007
4263;12/09/1983
13754;10/12/2011
4268;11/11/1975
3235;09/06/1983
13760;11/11/2010
33473;12/11/2000
13750;06/01/2009
28682;08/01/2006
37422;06/09/1992
13745;12/07/2010
13735;09/09/1991
37237;10/01/2009
37464;05/01/2010
37553;01/01/2009
13774;09/08/1998
13882;07/12/2004
13867;06/05/2003
13906;10/08/2010
37558;01/09/1979
13931;12/01/1994
27780;05/02/1994
13783;11/12/2004
13846;01/04/2007
31114;05/07/1971
4317;05/03/2000
4320;04/10/2003
13645;11/10/1999
1576;11/05/1981
13397;12/12/1991
37570;07/07/2005
4332;12/01/1987
13537;09/05/2007
13503;11/04/1985
13483;11/08/1994
13531;05/04/2010
13592;12/06/1979
26797;11/05/1996
13601;11/09/2007
13640;05/02/1996
13604;02/08/2000
13572;12/09/2005
4355;05/04/1999
37584;01/01/1997
4361;10/06/1986
29673;12/02/1996
13556;07/10/2002
4368;05/05/1995
28237;11/08/2010
4372;12/09/1977
4375;02/03/1987
13444;04/06/1998
34373;11/09/1992
13543;01/07/2012
13562;01/12/1983
4386;03/04/1983
4389;06/02/1986
13567;09/04/2008
13630;07/11/2008
4396;02/07/1985
4399;08/09/1991
13441;10/10/2008
4404;03/06/1981
4407;06/09/1975
28812;09/02/2010
13374;11/03/2009
13369;12/02/1999
13408;03/11/2011
13411;11/03/1994
37590;04/06/1999
13436;05/11/2006
13428;08/03/1990
13419;02/10/2009
4429;07/08/2005
15968;01/09/1998
1675;11/01/1988
4437;05/06/1983
15973;05/10/2000
16047;01/10/1991
15995;02/03/2010
4446;06/11/1987
16012;09/03/2010
15938;06/12/1989
4453;09/03/1981
4456;11/08/1990
15762;09/08/2004
4461;11/07/1979
15949;08/08/2011
4466;07/07/1988
15788;09/11/2008
29155;01/04/2010
15826;08/10/2011
15805;01/09/1996
15747;10/08/2012
15712;09/10/1996
15690;10/10/1991
15720;02/12/2003
15728;01/10/2006
15812;09/05/1994
15839;09/09/1985
15923;05/01/2012
15918;05/05/1986
15928;08/09/2010
15944;06/12/1990
15931;10/05/2009
15898;06/06/2011
15875;02/06/2004
15852;04/08/1988
15846;07/03/2000
4510;11/01/1992
4513;04/08/1990
4516;11/09/1987
4220;08/07/1979
15878;09/12/2006
15885;12/04/2010
37600;12/09/1987
4290;09/02/1988
4530;01/06/1983
2134;03/06/1990
33021;01/05/1994
15682;12/10/2004
4539;11/06/1990
14908;08/01/1997
4544;06/01/1993
16060;07/08/2012
4549;10/06/1970
15178;01/05/2006
37620;06/07/1975
26448;07/09/1990
15186;02/08/2008
15254;02/09/2012
15205;05/03/1993
15166;02/05/1997
15104;06/04/1999
4568;09/05/1991
15069;03/03/1986
4573;07/01/1999
37628;06/07/2005
3583;06/06/1990
15064;02/10/2012
4583;05/12/1992
15130;01/11/1982
15150;05/03/1988
15208;01/02/1992
15263;08/11/1997
15400;03/02/2011
15378;01/04/2012
15435;12/06/2011
37632;02/08/1974
15491;10/01/2008
28450;10/01/2004
26643;03/12/1981
15459;03/10/2004
15360;03/06/2009
15322;08/12/1977
4615;06/05/1998
15054;08/07/2012
4420;08/07/1986
15278;02/01/2012
37774;08/05/1998
4628;04/03/2009
15330;12/06/2006
15357;01/09/2004
4635;03/10/1993
15479;11/01/1997
15022;03/12/2010
27340;08/10/2005
36888;06/08/1983
36872;07/02/1993
4648;01/08/1987
4651;08/12/1987
4654;10/05/1982
15495;01/11/1985
14900;07/04/1989
14941;08/04/2006
28407;11/07/2006
14975;06/06/2003
14946;05/03/2012
14889;03/05/1993
14848;12/09/1996
14824;06/10/2011
2077;05/04/1990
14819;11/04/2005
14859;08/06/2001
14876;07/05/2007
14958;12/09/1998
37892;10/10/1990
14981;12/09/2011
34883;06/01/2004
15013;10/02/1992
15675;09/11/2012
14999;01/04/2008
15650;12/11/2008
4700;03/02/1978
15627;10/10/1994
15634;03/02/2006
31474;11/08/1972
15614;09/05/1975
37900;04/02/2001
15570;02/01/2010
15519;01/08/2004
15514;09/01/2000
15498;03/08/1996
4723;05/06/1998
15533;05/09/1980
15564;04/08/2008
4730;06/06/1972
4733;08/12/1966
4736;03/04/1992
15033;10/04/2000
16093;07/06/2009
27226;04/02/1984
2001;10/10/1986
4747;05/06/1993
4750;08/12/1996
4753;11/12/1982
16121;10/10/2007
16099;11/12/2007
16096;12/03/1991
4762;02/02/1967
16089;05/12/2009
37914;08/02/1989
16070;10/10/2011
14425;02/06/2002
37936;06/11/1985
14406;05/03/2004
4780;11/03/1971
3666;03/12/1987
14502;01/12/1988
14569;08/08/2007
14558;09/01/2011
14582;10/10/1997
14590;12/08/2009
4795;11/04/1987
14585;05/11/2007
14530;12/02/2004
4804;07/11/1991
14538;05/07/2007
14549;06/09/2008
14807;01/06/2003
14603;09/12/2003
4815;12/01/1997
38018;10/11/1966
14751;12/02/2010
37398;09/12/1991
14742;05/05/2009
14761;03/01/2011
14804;02/12/1998
14791;08/08/2003
14686;08/04/1986
14616;03/03/1999
14609;04/07/1999
14658;10/02/2007
4841;02/03/1972
14673;06/02/2000
4846;03/11/1992
14487;02/03/1993
14293;07/02/2001
14362;11/01/2000
14358;03/10/2005
14367;08/01/2003
38025;05/02/1968
14374;09/03/1993
14346;02/08/2006
14331;02/07/1991
14324;08/02/1999
4870;07/05/1995
14399;03/04/1999
17361;08/12/1998
17327;02/02/1995
18074;11/03/2000
18090;04/02/2010
37254;02/10/1989
28330;04/10/2007
18103;10/11/1996
18200;12/12/2011
17959;08/04/2009
18035;06/01/2011
38044;05/05/1980
17391;10/03/2000
17376;10/07/1997
17368;04/05/2002
17396;08/06/2003
31845;09/03/2007
4909;11/09/1990
38075;01/01/1942
4915;07/07/1970
17678;12/09/1976
33738;11/04/1966
2300;10/01/1986
17617;12/02/2008
4927;04/09/1976
17492;01/05/2000
17464;04/03/2007
17439;04/01/2011
17506;09/09/2003
2540;11/05/1985
17559;07/02/2009
38088;11/12/1985
17645;08/01/1994
17933;08/01/2012
4949;11/07/1969
4952;09/06/2002
17840;05/07/2004
4957;10/05/1987
17828;05/10/2006
17889;08/09/2012
4912;09/01/1992
4966;10/09/1987
2505;06/02/1987
17948;06/02/2009
27014;03/12/1992
4975;01/03/2001
4978;02/09/1993
17909;05/03/2010
4983;12/07/1966
17822;03/07/2005
17716;05/02/1998
17725;08/07/1987
17769;04/08/2010
4994;08/11/1967
17817;09/05/2008
4999;03/10/1976
3683;05/07/1990
